instance_id,status,message,task_id
ins-noqgsdnl,失败,不支持状态为已关机的实例ins-noqgsdnl (90d418bf),无
ins-0sf28tt1,失败,不支持状态为已关机的实例ins-0sf28tt1 (d6a21812),无
ins-k73wjih3,失败,不支持状态为已关机的实例ins-k73wjih3 (2da89942),无
ins-2jbc7e9x,失败,不支持状态为已关机的实例ins-2jbc7e9x (78c54026),无
ins-cz63lfgt,失败,不支持状态为已关机的实例ins-cz63lfgt (a036074a),无
ins-cmlqgnu5,失败,不支持状态为已关机的实例ins-cmlqgnu5 (ce4f55a1),无
ins-de1pkqkl,失败,不支持状态为已关机的实例ins-de1pkqkl (29bfc448),无
ins-p09wrxxl,失败,不支持状态为已关机的实例ins-p09wrxxl (429d0e17),无
ins-daashqln,失败,不支持状态为已关机的实例ins-daashqln (d28a1a94),无
ins-ei6o4otp,失败,不支持状态为已关机的实例ins-ei6o4otp (1a8c59f7),无
ins-8o3yzx7l,失败,不支持状态为已关机的实例ins-8o3yzx7l (2fb2b01d),无
ins-qgsnjmkr,失败,不支持状态为已关机的实例ins-qgsnjmkr (da4e69f7),无
ins-bfi5k8pt,失败,不支持状态为已关机的实例ins-bfi5k8pt (d4fe6c44),无
ins-hbv1vq1z,失败,不支持状态为已关机的实例ins-hbv1vq1z (2f7da2d8),无
ins-4uot48vh,失败,不支持状态为已关机的实例ins-4uot48vh (66cd64ed),无
ins-rylsqnql,失败,不支持状态为已关机的实例ins-rylsqnql (3f27f902),无
ins-fxqe0wen,失败,不支持状态为已关机的实例ins-fxqe0wen (e0642dd6),无
ins-r7h4fv0r,失败,不支持状态为已关机的实例ins-r7h4fv0r (1dfe8375),无
ins-1wmc351j,失败,不支持状态为已关机的实例ins-1wmc351j (face3c94),无
ins-gc0lx3rj,失败,不支持状态为已关机的实例ins-gc0lx3rj (460490eb),无
ins-0kapemi1,失败,不支持状态为已关机的实例ins-0kapemi1 (2ef18849),无
ins-998xuzmx,失败,不支持状态为已关机的实例ins-998xuzmx (6d15ab68),无
ins-4ycybdtv,成功,操作成功完成,2079155594
ins-08vzj0j1,失败,不支持状态为已关机的实例ins-08vzj0j1 (dc3391a8),无
ins-dehnooox,失败,不支持状态为已关机的实例ins-dehnooox (96d4801c),无
ins-a8cg23zb,失败,不支持状态为已关机的实例ins-a8cg23zb (aad3fb3f),无
ins-ik087qox,成功,操作成功完成,2079155654
ins-3ao6upup,成功,操作成功完成,2079155673
ins-2k0ome2r,成功,操作成功完成,2079155696
ins-gpehwch5,失败,不支持状态为已关机的实例ins-gpehwch5 (ffbf29bf),无
ins-1o95hort,失败,不支持状态为已关机的实例ins-1o95hort (528ec396),无
ins-61enin1f,失败,不支持状态为已关机的实例ins-61enin1f (94cf40e9),无
ins-jr3pf8kt,失败,不支持状态为已关机的实例ins-jr3pf8kt (17d48091),无
ins-nds0wcfd,失败,不支持状态为已关机的实例ins-nds0wcfd (1c5291be),无
ins-ol16jxin,失败,不支持状态为已关机的实例ins-ol16jxin (605489da),无
ins-jb3v2d59,失败,不支持状态为已关机的实例ins-jb3v2d59 (f45e18da),无
ins-5b8qmluv,失败,不支持状态为已关机的实例ins-5b8qmluv (d30c799f),无
ins-pg9w25vl,失败,不支持状态为已关机的实例ins-pg9w25vl (8366c323),无
ins-l5vskqch,失败,不支持状态为已关机的实例ins-l5vskqch (e8355edc),无
ins-bf8sf2ir,失败,不支持状态为已关机的实例ins-bf8sf2ir (b609cfcd),无
ins-c3odh3gt,成功,操作成功完成,2079155952
ins-p0kf6cyr,成功,操作成功完成,2079155983
ins-difsfphh,成功,操作成功完成,2079156007
ins-5a7k1vl9,成功,操作成功完成,2079156028
ins-9w7765gj,成功,操作成功完成,2079156050
ins-eubzkow9,成功,操作成功完成,2079156074
ins-3eeinjyd,成功,操作成功完成,2079156082
ins-qr71u6dl,成功,操作成功完成,2079156086
ins-1zj95z6r,成功,操作成功完成,2079156091
ins-kb35d77n,成功,操作成功完成,2079156097
ins-npw9q2yz,成功,操作成功完成,2079156105
ins-i010r7f1,失败,不支持状态为已关机的实例ins-i010r7f1 (aa3ba58a),无
ins-11bzc773,失败,不支持状态为已关机的实例ins-11bzc773 (095c9795),无
ins-jneo1zoj,失败,不支持状态为已关机的实例ins-jneo1zoj (c1e89d68),无
ins-bv8dsb7r,失败,不支持状态为已关机的实例ins-bv8dsb7r (d30e0638),无
ins-cqb2000d,失败,不支持状态为已关机的实例ins-cqb2000d (5fb48918),无
ins-kv3tg8jr,失败,不支持状态为已关机的实例ins-kv3tg8jr (48f83292),无
ins-eioc6nkf,失败,不支持状态为已关机的实例ins-eioc6nkf (de9fd09d),无
ins-q3osd3sx,失败,不支持状态为已关机的实例ins-q3osd3sx (e655e3a4),无
ins-cm3ik8nh,失败,不支持状态为已关机的实例ins-cm3ik8nh (7ddea59b),无
ins-3yn3v9s5,失败,不支持状态为已关机的实例ins-3yn3v9s5 (07612966),无
ins-0fw3luit,成功,操作成功完成,2079156192
ins-ktw1scpz,失败,不支持状态为已关机的实例ins-ktw1scpz (f140ba5f),无
ins-1ohx8nmr,失败,不支持状态为已关机的实例ins-1ohx8nmr (4528626b),无
ins-q0avvt4z,失败,不支持状态为已关机的实例ins-q0avvt4z (0cc59540),无
ins-k6e8u2wb,失败,不支持状态为已关机的实例ins-k6e8u2wb (4cc7fbb0),无
ins-3709aay7,失败,不支持状态为已关机的实例ins-3709aay7 (7983f6b1),无
ins-0gmi0c13,失败,不支持状态为已关机的实例ins-0gmi0c13 (6601d80f),无
ins-cm3g0dfl,失败,不支持状态为已关机的实例ins-cm3g0dfl (23e396bf),无
ins-dhnfgpmv,失败,不支持状态为已关机的实例ins-dhnfgpmv (13b3ab6a),无
ins-ao0wy2sv,失败,不支持状态为已关机的实例ins-ao0wy2sv (69832628),无
ins-o0pkxsg1,失败,不支持状态为已关机的实例ins-o0pkxsg1 (f32d68e0),无
ins-dtgycr67,失败,不支持状态为已关机的实例ins-dtgycr67 (e8045cc5),无
ins-0tdgnujx,失败,不支持状态为已关机的实例ins-0tdgnujx (ffd370b9),无
ins-d73w27hr,失败,不支持状态为已关机的实例ins-d73w27hr (060d9285),无
ins-j76yfzmx,失败,不支持状态为已关机的实例ins-j76yfzmx (935d5604),无
ins-6hmzxvhr,失败,不支持状态为已关机的实例ins-6hmzxvhr (8b9a8f3a),无
ins-4a0s7yjp,成功,操作成功完成,2079156303
ins-62my9xkz,成功,操作成功完成,2079156325
ins-i8n96689,失败,不支持状态为已关机的实例ins-i8n96689 (ad4d21ef),无
ins-7hfg0rrf,失败,不支持状态为已关机的实例ins-7hfg0rrf (18692bf9),无
ins-4jjlkoxx,成功,操作成功完成,2079156361
ins-a0o4gp0t,成功,操作成功完成,2079156374
ins-3qio5g05,失败,不支持状态为已关机的实例ins-3qio5g05 (b8979859),无
ins-k67kxabv,失败,不支持状态为已关机的实例ins-k67kxabv (4355dce6),无
ins-8g4l1a7b,失败,不支持状态为已关机的实例ins-8g4l1a7b (aeed3d84),无
ins-qkpkrnqh,失败,不支持状态为已关机的实例ins-qkpkrnqh (ff9c3529),无
ins-o07yc0lj,失败,不支持状态为已关机的实例ins-o07yc0lj (163d6d9e),无
ins-9nvfp0pv,失败,不支持状态为已关机的实例ins-9nvfp0pv (62f06484),无
ins-8spzx5pn,失败,不支持状态为已关机的实例ins-8spzx5pn (c1ea4f78),无
ins-jis5ql63,失败,不支持状态为已关机的实例ins-jis5ql63 (c570feae),无
ins-q0tohc81,失败,不支持状态为已关机的实例ins-q0tohc81 (4f391a3d),无
ins-i3hcnlep,失败,不支持状态为已关机的实例ins-i3hcnlep (4b571e0c),无
ins-rqhbokuh,失败,不支持状态为已关机的实例ins-rqhbokuh (572edd92),无
ins-3q6dtizp,失败,不支持状态为已关机的实例ins-3q6dtizp (38e1b819),无
ins-clwckrvn,失败,不支持状态为已关机的实例ins-clwckrvn (f8f83875),无
ins-b83epwit,失败,不支持状态为已关机的实例ins-b83epwit (ed321074),无
ins-qguceg1x,失败,不支持状态为已关机的实例ins-qguceg1x (5aeddb92),无
ins-pzarz96p,失败,不支持状态为已关机的实例ins-pzarz96p (c0c14246),无
ins-rmhivozz,失败,不支持状态为已关机的实例ins-rmhivozz (6e3fa141),无
ins-hrlj4mml,失败,不支持状态为已关机的实例ins-hrlj4mml (c73289ef),无
ins-izhb8hnl,失败,不支持状态为已关机的实例ins-izhb8hnl (fec70baf),无
ins-lmxgtmat,失败,不支持状态为已关机的实例ins-lmxgtmat (90c9126e),无
ins-9810ajfz,失败,不支持状态为已关机的实例ins-9810ajfz (da0390c7),无
ins-iysaulfz,失败,不支持状态为已关机的实例ins-iysaulfz (08632c8c),无
ins-i7ufkfu7,失败,不支持状态为已关机的实例ins-i7ufkfu7 (b0960f5f),无
ins-ari85zhh,失败,不支持状态为已关机的实例ins-ari85zhh (004b7792),无
ins-rg186hm7,失败,不支持状态为已关机的实例ins-rg186hm7 (3d750f26),无
ins-gpdck3xj,失败,不支持状态为已关机的实例ins-gpdck3xj (23e081d6),无
ins-r012j53b,成功,操作成功完成,2079156585
ins-jv0txnwt,成功,操作成功完成,2079156597
ins-o8vr85u3,成功,操作成功完成,2079156604
ins-3aq1l761,失败,不支持状态为已关机的实例ins-3aq1l761 (edeb3800),无
ins-iru6c1v1,失败,不支持状态为已关机的实例ins-iru6c1v1 (5b8614b0),无
ins-7dek9x57,失败,不支持状态为已关机的实例ins-7dek9x57 (7ea46755),无
ins-0x3der6v,成功,操作成功完成,2079156622
ins-e9lef6ud,成功,操作成功完成,2079156631
ins-n8mqr5kf,成功,操作成功完成,2079156638
ins-9z45pay1,失败,不支持状态为已关机的实例ins-9z45pay1 (b1092dec),无
ins-np7qzi25,失败,不支持状态为已关机的实例ins-np7qzi25 (5ccb7600),无
ins-mmohhitr,失败,不支持状态为已关机的实例ins-mmohhitr (2177c4fc),无
ins-poh44wcl,失败,不支持状态为已关机的实例ins-poh44wcl (6e5246e6),无
ins-dy69w7fp,失败,不支持状态为已关机的实例ins-dy69w7fp (128558c7),无
ins-e9tzdv5v,失败,不支持状态为已关机的实例ins-e9tzdv5v (beb53e75),无
ins-op55bq6h,失败,不支持状态为已关机的实例ins-op55bq6h (50b45ba5),无
ins-akm8xrop,失败,不支持状态为已关机的实例ins-akm8xrop (f50152f2),无
ins-h43ptprb,失败,不支持状态为已关机的实例ins-h43ptprb (e2fbd03f),无
ins-62a3tu19,失败,不支持状态为已关机的实例ins-62a3tu19 (2b8806c8),无
ins-8ti87mox,失败,不支持状态为已关机的实例ins-8ti87mox (bb5c746c),无
ins-1521xew5,失败,不支持状态为已关机的实例ins-1521xew5 (332f9613),无
ins-gsunsenf,失败,不支持状态为已关机的实例ins-gsunsenf (dc639977),无
ins-8sj9ga3p,失败,不支持状态为已关机的实例ins-8sj9ga3p (eaf61066),无
ins-ind7oisj,失败,不支持状态为已关机的实例ins-ind7oisj (67965ae9),无
ins-9om0c7hd,失败,不支持状态为已关机的实例ins-9om0c7hd (7b849699),无
ins-08nuenlb,成功,操作成功完成,2079156787
ins-bs2iiq0b,成功,操作成功完成,2079156800
ins-aolbamcr,成功,操作成功完成,2079156815
ins-04hzedcf,成功,操作成功完成,2079156828
ins-ol1po0cn,成功,操作成功完成,2079156837
ins-dtbj8x1p,成功,操作成功完成,2079156846
ins-33jx72ch,成功,操作成功完成,2079156854
ins-rit4uhwv,成功,操作成功完成,2079156864
ins-beqearmt,成功,操作成功完成,2079156875
ins-npx7ge5f,成功,操作成功完成,2079156892
ins-qguqlp4x,成功,操作成功完成,2079156901
ins-hodyqzgv,成功,操作成功完成,2079156913
ins-jf18ef8n,成功,操作成功完成,2079156921
ins-qohkg0x3,成功,操作成功完成,2079156929
ins-llqs0tnp,成功,操作成功完成,2079156931
ins-3n8gx8od,成功,操作成功完成,2079156940
ins-bnk1by2x,成功,操作成功完成,2079156947
ins-if0flglf,成功,操作成功完成,2079156953
ins-kbe06pgp,失败,不支持状态为已关机的实例ins-kbe06pgp (4611683b),无
ins-bei43ci5,失败,不支持状态为已关机的实例ins-bei43ci5 (3c005536),无
ins-glf6i0g3,失败,不支持状态为已关机的实例ins-glf6i0g3 (8c7d2b10),无
ins-6qj5ffor,成功,操作成功完成,2079156990
ins-lfcikg09,成功,操作成功完成,2079156996
ins-3rid0k0f,失败,不支持状态为已关机的实例ins-3rid0k0f (bd6b95b6),无
ins-qwjmellx,成功,操作成功完成,2079157011
ins-7i3w53gh,成功,操作成功完成,2079157021
ins-dptzifmr,失败,不支持状态为已关机的实例ins-dptzifmr (6cc6432f),无
ins-bn20sop5,失败,不支持状态为已关机的实例ins-bn20sop5 (d98a0ef1),无
ins-pjyi9aed,失败,不支持状态为已关机的实例ins-pjyi9aed (ac3a0c4a),无
ins-aurds0td,失败,不支持状态为已关机的实例ins-aurds0td (672573c6),无
ins-exottb1h,失败,不支持状态为已关机的实例ins-exottb1h (526d1811),无
ins-bjxg88df,失败,不支持状态为已关机的实例ins-bjxg88df (b98932fb),无
ins-5idrx6ht,失败,不支持状态为已关机的实例ins-5idrx6ht (99ac28a4),无
ins-187x7s1x,失败,不支持状态为已关机的实例ins-187x7s1x (e23947c1),无
ins-i4oofjzj,失败,不支持状态为已关机的实例ins-i4oofjzj (754b94ca),无
ins-85jwfart,失败,不支持状态为已关机的实例ins-85jwfart (4b1607fd),无
ins-ki9i2891,失败,不支持状态为已关机的实例ins-ki9i2891 (d9559eb8),无
ins-o8nyb54f,失败,不支持状态为已关机的实例ins-o8nyb54f (8182384a),无
ins-o5o9lva9,失败,不支持状态为已关机的实例ins-o5o9lva9 (548fb8e6),无
ins-f9a4p6tp,失败,不支持状态为已关机的实例ins-f9a4p6tp (762e2742),无
ins-gh9yzx37,失败,不支持状态为已关机的实例ins-gh9yzx37 (d8574aa7),无
ins-1jri1qht,失败,不支持状态为已关机的实例ins-1jri1qht (aadd9c09),无
ins-3vdjaymb,失败,不支持状态为已关机的实例ins-3vdjaymb (9b8e63bb),无
ins-62l8n8h3,失败,不支持状态为已关机的实例ins-62l8n8h3 (1f4298d5),无
ins-fssr6uej,失败,不支持状态为已关机的实例ins-fssr6uej (a8b6664d),无
ins-ftjbblvz,失败,不支持状态为已关机的实例ins-ftjbblvz (89c1c2f9),无
ins-80fmnyud,失败,不支持状态为已关机的实例ins-80fmnyud (b9b84571),无
ins-dtzieiqp,失败,不支持状态为已关机的实例ins-dtzieiqp (fbcc61f8),无
ins-lirmtvgn,失败,不支持状态为已关机的实例ins-lirmtvgn (4718b96b),无
ins-90mrruwz,失败,不支持状态为已关机的实例ins-90mrruwz (e34e858d),无
ins-q10fuwr1,失败,不支持状态为已关机的实例ins-q10fuwr1 (e885259f),无
ins-ooqeie5j,失败,不支持状态为已关机的实例ins-ooqeie5j (998132ed),无
ins-6eplh3sd,失败,不支持状态为已关机的实例ins-6eplh3sd (c87c6311),无
ins-6sop9pij,失败,不支持状态为已关机的实例ins-6sop9pij (1e849ac3),无
ins-3uxc9l1r,失败,不支持状态为已关机的实例ins-3uxc9l1r (eed2946b),无
ins-owb861sb,失败,不支持状态为已关机的实例ins-owb861sb (14afb112),无
ins-ghg1hn37,失败,不支持状态为已关机的实例ins-ghg1hn37 (c4ab2865),无
ins-l67apsv9,失败,不支持状态为已关机的实例ins-l67apsv9 (265cc1da),无
ins-br1uucwd,失败,不支持状态为已关机的实例ins-br1uucwd (766c25fc),无
ins-dlm2rddx,失败,不支持状态为已关机的实例ins-dlm2rddx (70bdf5a8),无
ins-1zvzau9t,失败,不支持状态为已关机的实例ins-1zvzau9t (069dbe15),无
ins-2mqznn9l,失败,不支持状态为已关机的实例ins-2mqznn9l (884ab9bc),无
ins-5mkn5mmb,失败,不支持状态为已关机的实例ins-5mkn5mmb (90ced61a),无
ins-6dw6hh1l,失败,不支持状态为已关机的实例ins-6dw6hh1l (f057342a),无
ins-o5ye42zx,失败,不支持状态为已关机的实例ins-o5ye42zx (286615fa),无
ins-0kc9w889,失败,不支持状态为已关机的实例ins-0kc9w889 (e9aa1d0f),无
ins-eln0mnhl,失败,不支持状态为已关机的实例ins-eln0mnhl (2cb7cbf2),无
ins-m9th151h,失败,不支持状态为已关机的实例ins-m9th151h (660fcc7e),无
ins-0p0dt78l,失败,不支持状态为已关机的实例ins-0p0dt78l (f8c13289),无
ins-8g6cjty9,成功,操作成功完成,2079157448
ins-9cj6ohs5,成功,操作成功完成,2079157455
ins-32slct0r,失败,不支持状态为已关机的实例ins-32slct0r (1cc53598),无
ins-3ykb4nfz,失败,不支持状态为已关机的实例ins-3ykb4nfz (78b3b926),无
ins-5ms15jdb,失败,不支持状态为已关机的实例ins-5ms15jdb (20ee6b63),无
ins-odtg38nd,失败,不支持状态为已关机的实例ins-odtg38nd (7ff43dc5),无
ins-4qgsueuf,失败,不支持状态为已关机的实例ins-4qgsueuf (0d168fd0),无
ins-ehfb4mkl,失败,不支持状态为已关机的实例ins-ehfb4mkl (102b2b27),无
ins-303h8h9d,失败,不支持状态为已关机的实例ins-303h8h9d (dc5011ae),无
ins-n5ylnu9t,失败,不支持状态为已关机的实例ins-n5ylnu9t (960e6681),无
ins-3ybe32ar,失败,不支持状态为已关机的实例ins-3ybe32ar (260877f0),无
ins-6d83w10r,失败,不支持状态为已关机的实例ins-6d83w10r (d8e4a7c1),无
ins-8hcf2r1h,失败,不支持状态为已关机的实例ins-8hcf2r1h (580c7f53),无
ins-4fm604qr,失败,不支持状态为已关机的实例ins-4fm604qr (fc4f24c5),无
ins-3y3mjpkb,失败,不支持状态为已关机的实例ins-3y3mjpkb (d4cf9aed),无
ins-5eyn1z0t,失败,不支持状态为已关机的实例ins-5eyn1z0t (62b680f6),无
ins-3ivk5pur,失败,不支持状态为已关机的实例ins-3ivk5pur (e651cb33),无
ins-6t0jfm5d,失败,不支持状态为已关机的实例ins-6t0jfm5d (be354ef1),无
ins-dxxwwe93,失败,不支持状态为已关机的实例ins-dxxwwe93 (0c69f4db),无
ins-pl7mwq6h,失败,不支持状态为已关机的实例ins-pl7mwq6h (5737cfdd),无
ins-232xbhk9,失败,不支持状态为已关机的实例ins-232xbhk9 (0a383aa5),无
ins-5hf9cfgp,失败,不支持状态为已关机的实例ins-5hf9cfgp (0fc0e6d9),无
ins-pfufbnfp,失败,不支持状态为已关机的实例ins-pfufbnfp (6f70b255),无
ins-abafoyob,失败,不支持状态为已关机的实例ins-abafoyob (a3ae3731),无
ins-npg3ku0z,失败,不支持状态为已关机的实例ins-npg3ku0z (43ecdae3),无
ins-lv2l1irr,失败,不支持状态为已关机的实例ins-lv2l1irr (88d25993),无
ins-pnpffghz,失败,不支持状态为已关机的实例ins-pnpffghz (13093a66),无
ins-gdt352qx,失败,不支持状态为已关机的实例ins-gdt352qx (173bfcae),无
ins-dhxwp7if,失败,不支持状态为已关机的实例ins-dhxwp7if (1a983900),无
ins-5u085f8j,失败,不支持状态为已关机的实例ins-5u085f8j (cdab08ad),无
ins-812cstl1,失败,不支持状态为已关机的实例ins-812cstl1 (06a2b93e),无
ins-rzcydvcx,失败,不支持状态为已关机的实例ins-rzcydvcx (83fee86e),无
ins-n8vg3iw9,失败,不支持状态为已关机的实例ins-n8vg3iw9 (72ed308e),无
ins-ht0mr30r,失败,不支持状态为已关机的实例ins-ht0mr30r (8176d83c),无
ins-2zt3yy2p,失败,不支持状态为已关机的实例ins-2zt3yy2p (ae4e6c86),无
ins-edasqhgj,失败,不支持状态为已关机的实例ins-edasqhgj (5fd62f70),无
ins-4n153moz,失败,不支持状态为已关机的实例ins-4n153moz (65095724),无
ins-bf0f7k6f,成功,操作成功完成,2079157680
ins-qv3hojmp,失败,不支持状态为已关机的实例ins-qv3hojmp (0909831d),无
ins-o4nuehnx,失败,不支持状态为已关机的实例ins-o4nuehnx (57754169),无
ins-hgqsn7zb,失败,不支持状态为已关机的实例ins-hgqsn7zb (db4199a2),无
ins-mu5kdc4j,失败,不支持状态为已关机的实例ins-mu5kdc4j (49ad7ed5),无
ins-cz8u9b67,失败,不支持状态为已关机的实例ins-cz8u9b67 (78d32563),无
ins-jg930cjl,失败,不支持状态为已关机的实例ins-jg930cjl (e61b8f98),无
ins-ft2lhj57,失败,不支持状态为已关机的实例ins-ft2lhj57 (bd198f70),无
ins-651jukzz,失败,不支持状态为已关机的实例ins-651jukzz (7f077195),无
ins-3y5dx7fp,失败,不支持状态为已关机的实例ins-3y5dx7fp (37981714),无
ins-bj4q6kch,失败,不支持状态为已关机的实例ins-bj4q6kch (b5660cf7),无
ins-mtl21rnr,失败,不支持状态为已关机的实例ins-mtl21rnr (7dfeb291),无
ins-iv9s5jxp,失败,不支持状态为已关机的实例ins-iv9s5jxp (d5bd756c),无
ins-0wlkw4rt,失败,不支持状态为已关机的实例ins-0wlkw4rt (344ac28b),无
ins-dtqgdj9n,失败,不支持状态为已关机的实例ins-dtqgdj9n (9cf4dc9a),无
ins-386w9jpp,失败,不支持状态为已关机的实例ins-386w9jpp (2c8af88d),无
ins-qbxahzj5,失败,不支持状态为已关机的实例ins-qbxahzj5 (7d5fc791),无
ins-4a8hdmyz,失败,不支持状态为已关机的实例ins-4a8hdmyz (db6c4337),无
ins-epuv0x67,失败,不支持状态为已关机的实例ins-epuv0x67 (ac1d1954),无
ins-na2rkrq9,失败,不支持状态为已关机的实例ins-na2rkrq9 (2cc8a6c4),无
ins-rapq6r3f,失败,不支持状态为已关机的实例ins-rapq6r3f (f59fd91b),无
ins-204u3zif,失败,不支持状态为已关机的实例ins-204u3zif (f01ed1e0),无
ins-75u2d6mf,失败,不支持状态为已关机的实例ins-75u2d6mf (009d5c93),无
ins-as23msvd,失败,不支持状态为已关机的实例ins-as23msvd (4b01e47b),无
ins-m2y171zb,失败,不支持状态为已关机的实例ins-m2y171zb (2d016331),无
ins-kxu41eqt,成功,操作成功完成,2079157844
ins-3c8cjzxh,成功,操作成功完成,2079157865
ins-b4cwow2r,失败,不支持状态为已关机的实例ins-b4cwow2r (abd61d85),无
ins-kuuvra23,失败,不支持状态为已关机的实例ins-kuuvra23 (9c1f1d15),无
ins-8x5bvvkd,失败,不支持状态为已关机的实例ins-8x5bvvkd (f0ef627e),无
ins-4be2p38h,失败,不支持状态为已关机的实例ins-4be2p38h (0cefe5ae),无
ins-de1i67bf,失败,不支持状态为已关机的实例ins-de1i67bf (d03baf18),无
ins-18x1il57,失败,不支持状态为已关机的实例ins-18x1il57 (5ebe7c12),无
ins-2ojzg3xr,失败,不支持状态为已关机的实例ins-2ojzg3xr (23c43140),无
ins-5b6oqrqf,失败,不支持状态为已关机的实例ins-5b6oqrqf (5b9f2fa3),无
ins-gw7q7mqt,失败,不支持状态为已关机的实例ins-gw7q7mqt (0b41b6f2),无
ins-80eo0mxt,成功,操作成功完成,2079157921
ins-jfj2eynh,失败,不支持状态为已关机的实例ins-jfj2eynh (7165d771),无
ins-mwt2nsyt,失败,不支持状态为已关机的实例ins-mwt2nsyt (76d63af4),无
ins-j82eqxyf,失败,不支持状态为已关机的实例ins-j82eqxyf (f6e661de),无
ins-jc3dpq89,失败,不支持状态为已关机的实例ins-jc3dpq89 (224f2448),无
ins-p55sbn9f,失败,不支持状态为已关机的实例ins-p55sbn9f (4ad503f4),无
ins-n8vyla69,失败,不支持状态为已关机的实例ins-n8vyla69 (146f1938),无
ins-8tadxcvh,失败,不支持状态为已关机的实例ins-8tadxcvh (ba97628c),无
ins-m30sedab,失败,不支持状态为已关机的实例ins-m30sedab (0fea8a98),无
ins-gx0l1g0x,成功,操作成功完成,2079157978
ins-iz197rih,成功,操作成功完成,2079157993
ins-n66fxoef,失败,不支持状态为已关机的实例ins-n66fxoef (b41b2ee3),无
ins-odumm0zr,失败,不支持状态为已关机的实例ins-odumm0zr (da11c56f),无
ins-p4ptq5nx,成功,操作成功完成,2079158012
ins-av16bv4z,失败,不支持状态为已关机的实例ins-av16bv4z (9e9b5d59),无
ins-qg1szbqd,失败,不支持状态为已关机的实例ins-qg1szbqd (5155068f),无
ins-pzthtgm9,失败,不支持状态为已关机的实例ins-pzthtgm9 (d6113971),无
ins-rvuh2wmj,失败,不支持状态为已关机的实例ins-rvuh2wmj (6272efa6),无
ins-lpw1sld9,失败,不支持状态为已关机的实例ins-lpw1sld9 (7837d3ba),无
ins-kbjjv6az,失败,不支持状态为已关机的实例ins-kbjjv6az (786b91d1),无
ins-eh5f4o83,失败,不支持状态为已关机的实例ins-eh5f4o83 (88fc69fc),无
ins-3majte9x,失败,不支持状态为已关机的实例ins-3majte9x (53b61954),无
ins-2iu68sxz,失败,不支持状态为已关机的实例ins-2iu68sxz (2c811f76),无
ins-7tqc2g3p,失败,不支持状态为已关机的实例ins-7tqc2g3p (dfe3c1f8),无
ins-lf0atwy5,失败,不支持状态为已关机的实例ins-lf0atwy5 (383d2e22),无
ins-1rnu2zhn,失败,不支持状态为已关机的实例ins-1rnu2zhn (52a55f0a),无
ins-pwkdmizz,失败,不支持状态为已关机的实例ins-pwkdmizz (e5f23ad0),无
ins-66kwray5,失败,不支持状态为已关机的实例ins-66kwray5 (bad7e5c8),无
ins-mp4oqsuj,失败,不支持状态为已关机的实例ins-mp4oqsuj (af8edb70),无
ins-dbbwmq97,失败,不支持状态为已关机的实例ins-dbbwmq97 (943f56e2),无
ins-gg7n7zif,失败,不支持状态为已关机的实例ins-gg7n7zif (a8d8fef0),无
ins-l27ncpv1,失败,不支持状态为已关机的实例ins-l27ncpv1 (471ea394),无
ins-qrx6h8sh,失败,不支持状态为已关机的实例ins-qrx6h8sh (8c6e6de5),无
ins-ryt0vq97,失败,不支持状态为已关机的实例ins-ryt0vq97 (41defa23),无
ins-4jlsbu1t,失败,不支持状态为已关机的实例ins-4jlsbu1t (c15925e9),无
ins-lu336t6p,失败,不支持状态为已关机的实例ins-lu336t6p (ef4a4757),无
ins-6i2kpv7p,失败,不支持状态为已关机的实例ins-6i2kpv7p (ca43d7f3),无
ins-8h7k4sel,成功,操作成功完成,2079158158
ins-dmdov2f5,失败,不支持状态为已关机的实例ins-dmdov2f5 (3b454565),无
ins-6ufm5qeh,成功,操作成功完成,2079158169
ins-isaxn4q3,成功,操作成功完成,2079158178
ins-ml7p767b,失败,不支持状态为已关机的实例ins-ml7p767b (83dcdf70),无
ins-hl6l08zp,失败,不支持状态为已关机的实例ins-hl6l08zp (ac1c8e5e),无
ins-c3lgq939,成功,操作成功完成,2079158201
ins-jytf9n7r,成功,操作成功完成,2079158207
ins-hwimkwox,成功,操作成功完成,2079158217
ins-d9rs3t43,成功,操作成功完成,2079158223
ins-jv2eke0x,成功,操作成功完成,2079158233
ins-6qbgeup1,成功,操作成功完成,2079158237
ins-hw90n78n,成功,操作成功完成,2079158241
ins-1nxvp7t9,成功,操作成功完成,2079158251
ins-o1rzculr,成功,操作成功完成,2079158266
ins-r4geborz,成功,操作成功完成,2079158280
ins-6twpo8x1,成功,操作成功完成,2079158285
ins-mlr4kr6v,成功,操作成功完成,2079158294
ins-azx6m6uf,失败,不支持状态为已关机的实例ins-azx6m6uf (a5dc0ec1),无
ins-ifyfma9b,失败,不支持状态为已关机的实例ins-ifyfma9b (30dcfe34),无
ins-iyqtph7x,成功,操作成功完成,2079158321
ins-6q920741,成功,操作成功完成,2079158327
ins-2o72krl9,成功,操作成功完成,2079158334
ins-jakyz8ap,成功,操作成功完成,2079158341
ins-7pswm6lj,失败,不支持状态为已关机的实例ins-7pswm6lj (38b47f01),无
ins-0gb2vy1t,失败,不支持状态为已关机的实例ins-0gb2vy1t (a286b6c3),无
ins-glgvl8nf,失败,不支持状态为已关机的实例ins-glgvl8nf (1fc61b89),无
ins-mulr52gb,失败,不支持状态为已关机的实例ins-mulr52gb (0ab53883),无
ins-bbijxjyd,成功,操作成功完成,2079158371
ins-7wo9o09b,成功,操作成功完成,2079158375
ins-2ityf22x,成功,操作成功完成,2079158384
ins-qbtrdebp,成功,操作成功完成,2079158390
ins-ntnla9c5,成功,操作成功完成,2079158400
ins-n4ncv1t9,失败,不支持状态为已关机的实例ins-n4ncv1t9 (fce9aa6a),无
ins-qg1ugcap,失败,不支持状态为已关机的实例ins-qg1ugcap (8a42c685),无
ins-74lmiwrp,失败,不支持状态为已关机的实例ins-74lmiwrp (40efc9f3),无
ins-2eucf4g1,失败,不支持状态为已关机的实例ins-2eucf4g1 (dcd6c446),无
ins-aob96zhj,失败,不支持状态为已关机的实例ins-aob96zhj (fada1124),无
ins-gjwezqcn,失败,不支持状态为已关机的实例ins-gjwezqcn (6283df15),无
ins-p7x1uton,失败,不支持状态为已关机的实例ins-p7x1uton (7c2a45ac),无
ins-7xfgmbnt,失败,不支持状态为已关机的实例ins-7xfgmbnt (8d0de0a3),无
ins-i45qmluv,失败,不支持状态为已关机的实例ins-i45qmluv (1591bb93),无
ins-izp30g1z,失败,不支持状态为已关机的实例ins-izp30g1z (60bf14d2),无
ins-fkv02cyv,失败,不支持状态为已关机的实例ins-fkv02cyv (7f0cf3bc),无
ins-0bylif6p,失败,不支持状态为已关机的实例ins-0bylif6p (0ba50cd9),无
ins-lii9ruyt,失败,不支持状态为已关机的实例ins-lii9ruyt (89f338db),无
ins-n9ky1si5,失败,不支持状态为已关机的实例ins-n9ky1si5 (c67c564d),无
ins-980dvpon,失败,不支持状态为已关机的实例ins-980dvpon (ba2e5962),无
ins-00i45ri9,成功,操作成功完成,2079158534
ins-69reapd3,失败,不支持状态为已关机的实例ins-69reapd3 (9bb52f8a),无
ins-ggzwsso5,失败,不支持状态为已关机的实例ins-ggzwsso5 (bbb7453d),无
ins-j7300ftb,失败,不支持状态为已关机的实例ins-j7300ftb (dca2df9f),无
ins-kn8d67u5,失败,不支持状态为已关机的实例ins-kn8d67u5 (82178c02),无
ins-hnvr8xhr,失败,不支持状态为已关机的实例ins-hnvr8xhr (0fb3999f),无
ins-mpwi6bzd,失败,不支持状态为已关机的实例ins-mpwi6bzd (0a38f39d),无
ins-i3v98pm3,失败,不支持状态为已关机的实例ins-i3v98pm3 (87fc5aa6),无
ins-acfgzsdf,失败,不支持状态为已关机的实例ins-acfgzsdf (763388e7),无
ins-q0jnjw1z,失败,不支持状态为已关机的实例ins-q0jnjw1z (e60c642f),无
ins-n1iqlpin,失败,不支持状态为已关机的实例ins-n1iqlpin (b0444324),无
ins-d61kd1rh,失败,不支持状态为已关机的实例ins-d61kd1rh (1df46882),无
ins-13jsaekt,失败,不支持状态为已关机的实例ins-13jsaekt (ef06dd89),无
ins-ki8y5b8j,失败,不支持状态为已关机的实例ins-ki8y5b8j (47cc1172),无
ins-6dyx1ngp,失败,不支持状态为已关机的实例ins-6dyx1ngp (3b0f31ab),无
ins-oduhh3t9,失败,不支持状态为已关机的实例ins-oduhh3t9 (26ebb184),无
ins-pjq9c419,成功,操作成功完成,2079158681
ins-q7xgrdph,失败,不支持状态为已关机的实例ins-q7xgrdph (53b52a32),无
ins-j3vhwv5v,失败,不支持状态为已关机的实例ins-j3vhwv5v (a70b26c1),无
ins-f5coxzzf,失败,不支持状态为已关机的实例ins-f5coxzzf (291f9d1e),无
ins-h096zbd9,失败,不支持状态为已关机的实例ins-h096zbd9 (f2cbdd6a),无
ins-6mirk2g5,失败,不支持状态为已关机的实例ins-6mirk2g5 (586465bb),无
ins-11ab3pup,失败,不支持状态为已关机的实例ins-11ab3pup (9a6b8e00),无
ins-kudvldtb,失败,不支持状态为已关机的实例ins-kudvldtb (c7393411),无
ins-8gnwpw0b,失败,不支持状态为已关机的实例ins-8gnwpw0b (6607b73f),无
ins-cpux8ln1,失败,不支持状态为已关机的实例ins-cpux8ln1 (27ee71a9),无
ins-rymcu6fb,失败,不支持状态为已关机的实例ins-rymcu6fb (38ec2a76),无
ins-iqwt440x,失败,不支持状态为已关机的实例ins-iqwt440x (e6e45bde),无
ins-pkhb0avh,失败,不支持状态为已关机的实例ins-pkhb0avh (64a9188b),无
ins-3r8r04kt,失败,不支持状态为已关机的实例ins-3r8r04kt (68cc0b46),无
ins-ib1xlv6p,失败,不支持状态为已关机的实例ins-ib1xlv6p (f8a13954),无
ins-dloyb73d,失败,不支持状态为已关机的实例ins-dloyb73d (abd9dcbc),无
ins-8vrewbmp,失败,不支持状态为已关机的实例ins-8vrewbmp (59e53c7c),无
ins-odkhsf0t,失败,不支持状态为已关机的实例ins-odkhsf0t (1e5eacb9),无
ins-nx9g5bb5,失败,不支持状态为已关机的实例ins-nx9g5bb5 (86424d65),无
ins-8lkha58p,失败,不支持状态为已关机的实例ins-8lkha58p (1ae5d169),无
ins-dqaqey75,失败,不支持状态为已关机的实例ins-dqaqey75 (9bd9cdea),无
ins-8k3anl67,失败,不支持状态为已关机的实例ins-8k3anl67 (a4fd5805),无
ins-j3eb2x1f,失败,不支持状态为已关机的实例ins-j3eb2x1f (0e240136),无
ins-0rqujm13,失败,不支持状态为已关机的实例ins-0rqujm13 (55acbadf),无
ins-m5e7oqqv,失败,不支持状态为已关机的实例ins-m5e7oqqv (347f37a5),无
ins-gw8cucwb,失败,不支持状态为已关机的实例ins-gw8cucwb (81c8cc55),无
ins-r4gupvm7,失败,不支持状态为已关机的实例ins-r4gupvm7 (7725324e),无
ins-hs2440bl,失败,不支持状态为已关机的实例ins-hs2440bl (62ef8fbb),无
ins-78i283nv,失败,不支持状态为已关机的实例ins-78i283nv (82f556c4),无
ins-pla9ylft,失败,不支持状态为已关机的实例ins-pla9ylft (be897fbc),无
ins-88rbk2vb,失败,不支持状态为已关机的实例ins-88rbk2vb (95bb6e4e),无
ins-1vlpnrl5,失败,不支持状态为已关机的实例ins-1vlpnrl5 (d44cd4ed),无
ins-nsks46p5,失败,不支持状态为已关机的实例ins-nsks46p5 (5f19072a),无
ins-650ec6z3,失败,不支持状态为已关机的实例ins-650ec6z3 (ffeaf9ed),无
ins-1gmfk00f,失败,不支持状态为已关机的实例ins-1gmfk00f (ca45811c),无
ins-6m9w7lv1,失败,不支持状态为已关机的实例ins-6m9w7lv1 (f10f8429),无
ins-ed1e4x5v,失败,不支持状态为已关机的实例ins-ed1e4x5v (996ab8a7),无
ins-61aqif1r,失败,不支持状态为已关机的实例ins-61aqif1r (0459c0bc),无
ins-j0f78tyd,失败,不支持状态为已关机的实例ins-j0f78tyd (28325b92),无
ins-faay0ug5,失败,不支持状态为已关机的实例ins-faay0ug5 (b2958df8),无
ins-e1h1d36p,成功,操作成功完成,2079158955
ins-8h561l2b,失败,不支持状态为已关机的实例ins-8h561l2b (33a61f40),无
ins-aoczaonb,失败,不支持状态为已关机的实例ins-aoczaonb (2a9326c8),无
ins-4346mmml,失败,不支持状态为已关机的实例ins-4346mmml (8f2cb90a),无
ins-m6fgacp1,失败,不支持状态为已关机的实例ins-m6fgacp1 (f8f7322a),无
ins-ht4gwnbd,失败,不支持状态为已关机的实例ins-ht4gwnbd (87f0dc3c),无
ins-349a4umn,成功,操作成功完成,2079158996
ins-e9bmn44j,失败,不支持状态为已关机的实例ins-e9bmn44j (7ad6e930),无
ins-eeptnp9d,成功,操作成功完成,2079159010
ins-jbcn9y7j,成功,操作成功完成,2079159013
ins-o9cyur0r,成功,操作成功完成,2079159016
ins-foo1ylzh,成功,操作成功完成,2079159025
ins-6eoxtq1x,成功,操作成功完成,2079159038
ins-lyc7xeuj,成功,操作成功完成,2079159048
ins-cac01j2b,成功,操作成功完成,2079159054
ins-cug88zab,成功,操作成功完成,2079159058
ins-ml8wr68d,成功,操作成功完成,2079159067
ins-7pkzmppj,成功,操作成功完成,2079159072
ins-fxigkcuj,成功,操作成功完成,2079159081
ins-okot190n,成功,操作成功完成,2079159088
ins-1k9d3h65,成功,操作成功完成,2079159092
ins-q7wvdn0j,成功,操作成功完成,2079159101
ins-90naj51f,成功,操作成功完成,2079159108
ins-p8h28f0l,成功,操作成功完成,2079159112
ins-j095xcf7,成功,操作成功完成,2079159123
ins-ohq84evj,成功,操作成功完成,2079159129
ins-leuaqiy7,成功,操作成功完成,2079159132
ins-lbddjlgl,成功,操作成功完成,2079159144
ins-by7baedd,成功,操作成功完成,2079159150
ins-d1pqjfsf,成功,操作成功完成,2079159158
ins-kq6bhdmp,成功,操作成功完成,2079159166
ins-0dcfyon5,成功,操作成功完成,2079159170
ins-oogeoi9b,成功,操作成功完成,2079159174
ins-azdnq6zn,成功,操作成功完成,2079159181
ins-97tuzh8n,成功,操作成功完成,2079159186
ins-aezp5zmz,失败,不支持状态为已关机的实例ins-aezp5zmz (189eabf4),无
ins-pcu7nlor,失败,不支持状态为已关机的实例ins-pcu7nlor (47ad3ae2),无
ins-a834ab4f,失败,不支持状态为已关机的实例ins-a834ab4f (3e6ab8ec),无
ins-3g348vbh,失败,不支持状态为已关机的实例ins-3g348vbh (944258cb),无
ins-ldu3abzj,失败,不支持状态为已关机的实例ins-ldu3abzj (623540e2),无
ins-4pyyxfid,失败,不支持状态为已关机的实例ins-4pyyxfid (69b70f0d),无
ins-1zjboelp,失败,不支持状态为已关机的实例ins-1zjboelp (3f063eea),无
ins-k28zu6q1,失败,不支持状态为已关机的实例ins-k28zu6q1 (086a1b87),无
ins-fxxj58cp,失败,不支持状态为已关机的实例ins-fxxj58cp (a34ed9d5),无
ins-5xutdj3b,成功,操作成功完成,2079159258
ins-f5bk8pfn,成功,操作成功完成,2079159273
ins-247xjjxn,成功,操作成功完成,2079159285
ins-4naeizhd,失败,不支持状态为已关机的实例ins-4naeizhd (b8403a41),无
ins-lykfvbsd,失败,不支持状态为已关机的实例ins-lykfvbsd (bbf4cd83),无
ins-g1yyq1mp,失败,不支持状态为已关机的实例ins-g1yyq1mp (c67ebf0a),无
ins-ktucm9nv,失败,不支持状态为已关机的实例ins-ktucm9nv (3d62745a),无
ins-85rs3mvh,失败,不支持状态为已关机的实例ins-85rs3mvh (524e3942),无
ins-odsvq85d,失败,不支持状态为已关机的实例ins-odsvq85d (72183d44),无
ins-14pi3fu5,失败,不支持状态为已关机的实例ins-14pi3fu5 (0f1e26e8),无
ins-3fojrqap,失败,不支持状态为已关机的实例ins-3fojrqap (7550eb6d),无
ins-6wnunyxz,失败,不支持状态为已关机的实例ins-6wnunyxz (c4bd1833),无
ins-b81rpi0f,失败,不支持状态为已关机的实例ins-b81rpi0f (5cde7c59),无
ins-rukyxowz,失败,不支持状态为已关机的实例ins-rukyxowz (5eaac624),无
ins-icikwoyr,失败,不支持状态为已关机的实例ins-icikwoyr (9a34b80b),无
ins-2jswzoqp,失败,不支持状态为已关机的实例ins-2jswzoqp (03749a15),无
ins-8x7cfirt,失败,不支持状态为已关机的实例ins-8x7cfirt (c859f1ed),无
ins-kf0jnih7,失败,不支持状态为已关机的实例ins-kf0jnih7 (1b93d260),无
ins-hcc80ebl,失败,不支持状态为已关机的实例ins-hcc80ebl (3927cae6),无
ins-0vkuk355,失败,不支持状态为已关机的实例ins-0vkuk355 (d4660a08),无
ins-digbgmcj,失败,不支持状态为已关机的实例ins-digbgmcj (928a180d),无
ins-g9vomcst,失败,不支持状态为已关机的实例ins-g9vomcst (aa7fe828),无
ins-0bwrekld,成功,操作成功完成,2079159487
ins-qvcc7qkt,失败,不支持状态为已关机的实例ins-qvcc7qkt (8b26d593),无
ins-7xm0gpop,失败,不支持状态为已关机的实例ins-7xm0gpop (5fd05e55),无
ins-1cw1dqlf,失败,不支持状态为已关机的实例ins-1cw1dqlf (d77ae1e8),无
ins-p4p2cc3r,失败,不支持状态为已关机的实例ins-p4p2cc3r (4947a4b3),无
ins-9cf31txr,失败,不支持状态为已关机的实例ins-9cf31txr (5b83f92e),无
ins-hg1xhxfx,失败,不支持状态为已关机的实例ins-hg1xhxfx (e5c4769a),无
ins-959lr8cr,失败,不支持状态为已关机的实例ins-959lr8cr (0f78bf6b),无
ins-lijcjk4v,失败,不支持状态为已关机的实例ins-lijcjk4v (93d0bc9d),无
ins-9zxk1ycv,失败,不支持状态为已关机的实例ins-9zxk1ycv (67f6c7d7),无
ins-6htmnabn,失败,不支持状态为已关机的实例ins-6htmnabn (2fee7c9b),无
ins-m2g98fc5,失败,不支持状态为已关机的实例ins-m2g98fc5 (c7e8d6d9),无
ins-d3e07kn7,失败,不支持状态为已关机的实例ins-d3e07kn7 (cdedcce8),无
ins-mliwfjf3,失败,不支持状态为已关机的实例ins-mliwfjf3 (9b67b8ca),无
ins-med8ytzb,失败,不支持状态为已关机的实例ins-med8ytzb (fa49f9d4),无
ins-em68krzb,失败,不支持状态为已关机的实例ins-em68krzb (999c891f),无
ins-2zk9m3mz,失败,不支持状态为已关机的实例ins-2zk9m3mz (e0fb8d92),无
ins-kxqtf8lp,失败,不支持状态为已关机的实例ins-kxqtf8lp (b3435929),无
ins-hbkyp9z9,失败,不支持状态为已关机的实例ins-hbkyp9z9 (1c0430fb),无
ins-otkevfmr,失败,不支持状态为已关机的实例ins-otkevfmr (0a0b9fa3),无
ins-p1ixegy5,失败,不支持状态为已关机的实例ins-p1ixegy5 (b15b18bc),无
ins-jnvz6fd5,失败,不支持状态为已关机的实例ins-jnvz6fd5 (cb4386c3),无
ins-cndi51hh,失败,不支持状态为已关机的实例ins-cndi51hh (dd3843bb),无
ins-55rq5ve7,失败,不支持状态为已关机的实例ins-55rq5ve7 (6f814b2f),无
ins-elnx2e2x,失败,不支持状态为已关机的实例ins-elnx2e2x (fadfdd20),无
ins-eihodyxt,失败,不支持状态为已关机的实例ins-eihodyxt (16e0f02f),无
ins-dua24r49,失败,不支持状态为已关机的实例ins-dua24r49 (f2fd70a2),无
ins-5m9769jh,失败,不支持状态为已关机的实例ins-5m9769jh (37b6d81c),无
ins-migy8asl,失败,不支持状态为已关机的实例ins-migy8asl (230c54e4),无
ins-od39em4v,成功,操作成功完成,2079159643
ins-f2416sef,失败,不支持状态为已关机的实例ins-f2416sef (ef67f316),无
ins-3fn12for,失败,不支持状态为已关机的实例ins-3fn12for (4a3ff269),无
ins-kbdhg9bb,失败,不支持状态为已关机的实例ins-kbdhg9bb (831340ca),无
ins-aynm44ar,失败,不支持状态为已关机的实例ins-aynm44ar (6cc8d92e),无
ins-dj4a6idn,失败,不支持状态为已关机的实例ins-dj4a6idn (b0097901),无
ins-kybu4cz3,失败,不支持状态为已关机的实例ins-kybu4cz3 (75ae887e),无
ins-q39a9ib3,失败,不支持状态为已关机的实例ins-q39a9ib3 (5cd6eab9),无
ins-2ft6zgzl,失败,不支持状态为已关机的实例ins-2ft6zgzl (1253d756),无
ins-j3w105f1,失败,不支持状态为已关机的实例ins-j3w105f1 (81fe46cc),无
ins-qkplvclr,失败,不支持状态为已关机的实例ins-qkplvclr (46d49a5a),无
ins-61shy79f,失败,不支持状态为已关机的实例ins-61shy79f (eb8caad9),无
ins-4pshja1t,失败,不支持状态为已关机的实例ins-4pshja1t (d4076ada),无
ins-j384kbrh,失败,不支持状态为已关机的实例ins-j384kbrh (efdd7a49),无
ins-10ksblot,失败,不支持状态为已关机的实例ins-10ksblot (b4cb7c30),无
ins-2nzigzkz,失败,不支持状态为已关机的实例ins-2nzigzkz (36fe9d2c),无
ins-an3ggabv,失败,不支持状态为已关机的实例ins-an3ggabv (b64b0abd),无
ins-bbsg3g2p,成功,操作成功完成,2079159753
ins-5n194m89,失败,不支持状态为已关机的实例ins-5n194m89 (5f4de3a1),无
ins-ki1baorl,失败,不支持状态为已关机的实例ins-ki1baorl (c0f91697),无
